"id","user_id","title","due_on","status"
"24709","4711790","Ventito assentator pariatur valens delego armo.","2023-09-02T00:00:00.000+05:30","completed"
"24698","4711768","Campana sordeo laudantium creber et coerceo.","2023-09-23T00:00:00.000+05:30","pending"
"24694","4711759","Exercitationem animadverto textilis pecunia uterque deserunt desidero.","2023-08-26T00:00:00.000+05:30","completed"
"24692","4711754","Coerceo tamisium circumvenio animi sponte.","2023-08-26T00:00:00.000+05:30","pending"
"24686","4711745","Id defendo brevis accusamus tantillus cogito aeternus.","2023-09-14T00:00:00.000+05:30","completed"
"24680","4711734","Theca cenaculum calcar demo sumptus dolorem vir.","2023-09-20T00:00:00.000+05:30","pending"
"24662","4689025","Voluptas comes quidem cetera alienus spargo voluptatem terebro.","2023-09-20T00:00:00.000+05:30","completed"
"24661","4689024","Vacuus reiciendis admoveo omnis defetiscor conspergo cultura somnus claro.","2023-09-19T00:00:00.000+05:30","pending"
"24660","4689023","Despirmatio est totus curia angulus culpa titulus officiis.","2023-09-06T00:00:00.000+05:30","pending"
"24659","4689022","Succurro aestas crustulum modi vere.","2023-09-04T00:00:00.000+05:30","completed"
